dataSource,scientificName,trait,family,year,dayOfYear,latitude,longitude,observedMetadataUrl,occurrenceID,genus,date,recordedBy,coordinateUncertaintyInMeters,modelUri,accuracyExcludingUncertainFamily,observedImageUrl,observedImageGuid,basisOfRecord,annotationID,verbatimTrait,annotationMethod
iNaturalist,Ecballium elaterium,flower present,Cucurbitaceae,2009,193,43.5229033579,7.0452933105,https://www.inaturalist.org/observations/000006ea-d722-4a42-b286-65f2d6604db0,000006ea-d722-4a42-b286-65f2d6604db0,Ecballium,2009-07-12,2875686,8,10.57967/hf/7952,0.935921421889616,https://www.inaturalist.org/photos/170982567,170982567,MachineObservation,487e39a7-823c-5000-8880-77e1532e1694,flower,machine
iNaturalist,Ludwigia octovalvis,flower present,Onagraceae,2003,278,23.620371,120.260431,https://www.inaturalist.org/observations/000029e3-a193-410f-8bbe-9ccafe8c591c,000029e3-a193-410f-8bbe-9ccafe8c591c,Ludwigia,2003-10-05,995122,,10.57967/hf/7952,0.97439201159607,https://www.inaturalist.org/photos/20607964,20607964,MachineObservation,0f23ef92-15d4-5e90-9d1f-040291bad126,flower,machine
iNaturalist,Epipactis atrorubens,flower present,Orchidaceae,2004,165,49.3783583604,3.2324642154,https://www.inaturalist.org/observations/00006d76-6816-4b75-9cbd-f88c11ee7c35,00006d76-6816-4b75-9cbd-f88c11ee7c35,Epipactis,2004-06-13,5061674,,10.57967/hf/7952,0.969419642857143,https://www.inaturalist.org/photos/336148604,336148604,MachineObservation,9feeb779-d546-5f8c-b612-4322ab428470,flower,machine
iNaturalist,Platanthera huronensis,flower present,Orchidaceae,2012,189,44.7477125894,-107.638092959,https://www.inaturalist.org/observations/0000a559-ac46-41ad-b081-1afda687e59c,0000a559-ac46-41ad-b081-1afda687e59c,Platanthera,2012-07-07,666362,488,10.57967/hf/7952,0.969419642857143,https://www.inaturalist.org/photos/108926780,108926780,MachineObservation,ad2f3148-df6f-5033-9d06-1872076b7f31,flower,machine
iNaturalist,Limodorum abortivum,flower present,Orchidaceae,2011,156,44.8342176229,34.3026650332,https://www.inaturalist.org/observations/0000f010-3618-467b-91e0-c1e4ea485d51,0000f010-3618-467b-91e0-c1e4ea485d51,Limodorum,2011-06-05,2788085,434,10.57967/hf/7952,0.969419642857143,https://www.inaturalist.org/photos/73402203,73402203,MachineObservation,4825a297-ef3b-545e-9db4-a1e01cd27b77,flower,machine
iNaturalist,Heracleum maximum,flower present,Apiaceae,2012,157,37.755408,-122.444902,https://www.inaturalist.org/observations/00010392-f33a-4067-919b-2c99ee6f7dd3,00010392-f33a-4067-919b-2c99ee6f7dd3,Heracleum,2012-06-05,477,5,10.57967/hf/7952,0.926750629722922,https://www.inaturalist.org/photos/129020,129020,MachineObservation,4ce7ebc2-4882-561b-a9ee-745806c782ee,flower,machine
iNaturalist,Convolvulus equitans,flower present,Convolvulaceae,2012,301,29.8076231,-99.5706069,https://www.inaturalist.org/observations/00017eb1-6ea8-43d3-9154-affd6468317f,00017eb1-6ea8-43d3-9154-affd6468317f,Convolvulus,2012-10-27,2528028,206,10.57967/hf/7952,0.9824615862176,https://www.inaturalist.org/photos/247456143,247456143,MachineObservation,eea195cd-11d1-5f43-a0d8-69ba8077eabf,flower,machine
iNaturalist,Helianthus pauciflorus,flower present,Asteraceae,2004,212,45.660711,-111.028764,https://www.inaturalist.org/observations/00019129-a055-436f-8bb3-abff51af8707,00019129-a055-436f-8bb3-abff51af8707,Helianthus,2004-07-30,8523,,10.57967/hf/7952,0.953019104370732,https://www.inaturalist.org/photos/177766650,177766650,MachineObservation,9a782e2f-ffbd-52fc-9585-0306b56c4d68,flower,machine
iNaturalist,Ranunculus multifidus,flower present,Ranunculaceae,2012,29,-29.5846840219,29.2847144373,https://www.inaturalist.org/observations/00025a2e-c29b-45a4-9bf8-4e222b07a425,00025a2e-c29b-45a4-9bf8-4e222b07a425,Ranunculus,2012-01-29,715307,82,10.57967/hf/7952,0.967754589675192,https://www.inaturalist.org/photos/325029125,325029125,MachineObservation,93c8754c-b3c8-5031-9790-9df470199ef3,flower,machine
